,#,Type 1,Type 2,HP,Attack,Defense,Sp. Atk,Sp. Def,Speed,Generation,Legendary,Total
0,1,Grass,Poison,45,49,49,65,65,45,1,False,274
1,2,Grass,Poison,60,62,63,80,80,60,1,False,346
2,3,Grass,Poison,80,82,83,100,100,80,1,False,446
3,3,Grass,Poison,80,100,123,122,120,80,1,False,546
4,4,Fire,,39,52,43,60,50,65,1,False,271
5,5,Fire,,58,64,58,80,65,80,1,False,348
6,6,Fire,Flying,78,84,78,109,85,100,1,False,457
7,6,Fire,Dragon,78,130,111,130,85,100,1,False,557
8,6,Fire,Flying,78,104,78,159,115,100,1,False,557
9,7,Water,,44,48,65,50,64,43,1,False,271
10,8,Water,,59,63,80,65,80,58,1,False,347
11,9,Water,,79,83,100,85,105,78,1,False,452
12,9,Water,,79,103,120,135,115,78,1,False,552
13,10,Bug,,45,30,35,20,20,45,1,False,151
14,11,Bug,,50,20,55,25,25,30,1,False,156
15,12,Bug,Flying,60,45,50,90,80,70,1,False,336
16,13,Bug,Poison,40,35,30,20,20,50,1,False,156
17,14,Bug,Poison,45,25,50,25,25,35,1,False,161
18,15,Bug,Poison,65,90,40,45,80,75,1,False,331
19,15,Bug,Poison,65,150,40,15,80,145,1,False,431
20,16,Normal,Flying,40,45,40,35,35,56,1,False,212
21,17,Normal,Flying,63,60,55,50,50,71,1,False,287
22,18,Normal,Flying,83,80,75,70,70,101,1,False,397
23,18,Normal,Flying,83,80,80,135,80,121,1,False,497
24,19,Normal,,30,56,35,25,35,72,1,False,224
25,20,Normal,,55,81,60,50,70,97,1,False,359
26,21,Normal,Flying,40,60,30,31,31,70,1,False,223
27,22,Normal,Flying,65,90,65,61,61,100,1,False,378
28,23,Poison,,35,60,44,40,54,55,1,False,254
29,24,Poison,,60,85,69,65,79,80,1,False,379
30,25,Electric,,35,55,40,50,50,90,1,False,286
31,26,Electric,,60,90,55,90,80,110,1,False,426
32,27,Ground,,50,75,85,20,30,40,1,False,251
33,28,Ground,,75,100,110,45,55,65,1,False,376
34,29,Poison,,55,47,52,40,40,41,1,False,221
35,30,Poison,,70,62,67,55,55,56,1,False,296
36,31,Poison,Ground,90,92,87,75,85,76,1,False,416
37,32,Poison,,46,57,40,40,40,50,1,False,228
38,33,Poison,,61,72,57,55,55,65,1,False,305
39,34,Poison,Ground,81,102,77,85,75,85,1,False,425
40,35,Fairy,,70,45,48,60,65,35,1,False,254
41,36,Fairy,,95,70,73,95,90,60,1,False,389
42,37,Fire,,38,41,40,50,65,65,1,False,262
43,38,Fire,,73,76,75,81,100,100,1,False,433
44,39,Normal,Fairy,115,45,20,45,25,20,1,False,156
45,40,Normal,Fairy,140,70,45,85,50,45,1,False,296
46,41,Poison,Flying,40,45,35,30,40,55,1,False,206
47,42,Poison,Flying,75,80,70,65,75,90,1,False,381
48,43,Grass,Poison,45,50,55,75,65,30,1,False,276
49,44,Grass,Poison,60,65,70,85,75,40,1,False,336
50,45,Grass,Poison,75,80,85,110,90,50,1,False,416
51,46,Bug,Grass,35,70,55,45,55,25,1,False,251
52,47,Bug,Grass,60,95,80,60,80,30,1,False,346
53,48,Bug,Poison,60,55,50,40,55,45,1,False,246
54,49,Bug,Poison,70,65,60,90,75,90,1,False,381
55,50,Ground,,10,55,25,35,45,95,1,False,256
56,51,Ground,,35,80,50,50,70,120,1,False,371
57,52,Normal,,40,45,35,40,40,90,1,False,251
58,53,Normal,,65,70,60,65,65,115,1,False,376
59,54,Water,,50,52,48,65,50,55,1,False,271
60,55,Water,,80,82,78,95,80,85,1,False,421
61,56,Fighting,,40,80,35,35,45,70,1,False,266
62,57,Fighting,,65,105,60,60,70,95,1,False,391
63,58,Fire,,55,70,45,70,50,60,1,False,296
64,59,Fire,,90,110,80,100,80,95,1,False,466
65,60,Water,,40,50,40,40,40,90,1,False,261
66,61,Water,,65,65,65,50,50,90,1,False,321
67,62,Water,Fighting,90,95,95,70,90,70,1,False,421
68,63,Psychic,,25,20,15,105,55,90,1,False,286
69,64,Psychic,,40,35,30,120,70,105,1,False,361
70,65,Psychic,,55,50,45,135,95,120,1,False,446
71,65,Psychic,,55,50,65,175,95,150,1,False,536
72,66,Fighting,,70,80,50,35,35,35,1,False,236
73,67,Fighting,,80,100,70,50,60,45,1,False,326
74,68,Fighting,,90,130,80,65,85,55,1,False,416
75,69,Grass,Poison,50,75,35,70,30,40,1,False,251
76,70,Grass,Poison,65,90,50,85,45,55,1,False,326
77,71,Grass,Poison,80,105,65,100,70,70,1,False,411
78,72,Water,Poison,40,40,35,50,100,70,1,False,296
79,73,Water,Poison,80,70,65,80,120,100,1,False,436
80,74,Rock,Ground,40,80,100,30,30,20,1,False,261
81,75,Rock,Ground,55,95,115,45,45,35,1,False,336
82,76,Rock,Ground,80,120,130,55,65,45,1,False,416
83,77,Fire,,50,85,55,65,65,90,1,False,361
84,78,Fire,,65,100,70,80,80,105,1,False,436
85,79,Water,Psychic,90,65,65,40,40,15,1,False,226
86,80,Water,Psychic,95,75,110,100,80,30,1,False,396
87,80,Water,Psychic,95,75,180,130,80,30,1,False,496
88,81,Electric,Steel,25,35,70,95,55,45,1,False,301
89,82,Electric,Steel,50,60,95,120,70,70,1,False,416
90,83,Normal,Flying,52,65,55,58,62,60,1,False,301
91,84,Normal,Flying,35,85,45,35,35,75,1,False,276
92,85,Normal,Flying,60,110,70,60,60,100,1,False,401
93,86,Water,,65,45,55,45,70,45,1,False,261
94,87,Water,Ice,90,70,80,70,95,70,1,False,386
95,88,Poison,,80,80,50,40,50,25,1,False,246
96,89,Poison,,105,105,75,65,100,50,1,False,396
97,90,Water,,30,65,100,45,25,40,1,False,276
98,91,Water,Ice,50,95,180,85,45,70,1,False,476
99,92,Ghost,Poison,30,35,30,100,35,80,1,False,281
100,93,Ghost,Poison,45,50,45,115,55,95,1,False,361
101,94,Ghost,Poison,60,65,60,130,75,110,1,False,441
102,94,Ghost,Poison,60,65,80,170,95,130,1,False,541
103,95,Rock,Ground,35,45,160,30,45,70,1,False,351
104,96,Psychic,,60,48,45,43,90,42,1,False,269
105,97,Psychic,,85,73,70,73,115,67,1,False,399
106,98,Water,,30,105,90,25,25,50,1,False,296
107,99,Water,,55,130,115,50,50,75,1,False,421
108,100,Electric,,40,30,50,55,55,100,1,False,291
109,101,Electric,,60,50,70,80,80,140,1,False,421
110,102,Grass,Psychic,60,40,80,60,45,40,1,False,266
111,103,Grass,Psychic,95,95,85,125,65,55,1,False,426
112,104,Ground,,50,50,95,40,50,35,1,False,271
113,105,Ground,,60,80,110,50,80,45,1,False,366
114,106,Fighting,,50,120,53,35,110,87,1,False,406
115,107,Fighting,,50,105,79,35,110,76,1,False,406
116,108,Normal,,90,55,75,60,75,30,1,False,296
117,109,Poison,,40,65,95,60,45,35,1,False,301
118,110,Poison,,65,90,120,85,70,60,1,False,426
119,111,Ground,Rock,80,85,95,30,30,25,1,False,266
120,112,Ground,Rock,105,130,120,45,45,40,1,False,381
121,113,Normal,,250,5,5,35,105,50,1,False,201
122,114,Grass,,65,55,115,100,40,60,1,False,371
123,115,Normal,,105,95,80,40,80,90,1,False,386
124,115,Normal,,105,125,100,60,100,100,1,False,486
125,116,Water,,30,40,70,70,25,60,1,False,266
126,117,Water,,55,65,95,95,45,85,1,False,386
127,118,Water,,45,67,60,35,50,63,1,False,276
128,119,Water,,80,92,65,65,80,68,1,False,371
129,120,Water,,30,45,55,70,55,85,1,False,311
130,121,Water,Psychic,60,75,85,100,85,115,1,False,461
131,122,Psychic,Fairy,40,45,65,100,120,90,1,False,421
132,123,Bug,Flying,70,110,80,55,80,105,1,False,431
133,124,Ice,Psychic,65,50,35,115,95,95,1,False,391
134,125,Electric,,65,83,57,95,85,105,1,False,426
135,126,Fire,,65,95,57,100,85,93,1,False,431
136,127,Bug,,65,125,100,55,70,85,1,False,436
137,127,Bug,Flying,65,155,120,65,90,105,1,False,536
138,128,Normal,,75,100,95,40,70,110,1,False,416
139,129,Water,,20,10,55,15,20,80,1,False,181
140,130,Water,Flying,95,125,79,60,100,81,1,False,446
141,130,Water,Dark,95,155,109,70,130,81,1,False,546
142,131,Water,Ice,130,85,80,85,95,60,1,False,406
143,132,Normal,,48,48,48,48,48,48,1,False,241
144,133,Normal,,55,55,50,45,65,55,1,False,271
145,134,Water,,130,65,60,110,95,65,1,False,396
146,135,Electric,,65,65,60,110,95,130,1,False,461
147,136,Fire,,65,130,60,95,110,65,1,False,461
148,137,Normal,,65,60,70,85,75,40,1,False,331
149,138,Rock,Water,35,40,100,90,55,35,1,False,321
150,139,Rock,Water,70,60,125,115,70,55,1,False,426
151,140,Rock,Water,30,80,90,55,45,55,1,False,326
152,141,Rock,Water,60,115,105,65,70,80,1,False,436
153,142,Rock,Flying,80,105,65,60,75,130,1,False,436
154,142,Rock,Flying,80,135,85,70,95,150,1,False,536
155,143,Normal,,160,110,65,65,110,30,1,False,381
156,144,Ice,Flying,90,85,100,95,125,85,1,True,491
157,145,Electric,Flying,90,90,85,125,90,100,1,True,491
158,146,Fire,Flying,90,100,90,125,85,90,1,True,491
159,147,Dragon,,41,64,45,50,50,50,1,False,260
160,148,Dragon,,61,84,65,70,70,70,1,False,360
161,149,Dragon,Flying,91,134,95,100,100,80,1,False,510
162,150,Psychic,,106,110,90,154,90,130,1,True,575
163,150,Psychic,Fighting,106,190,100,154,100,130,1,True,675
164,150,Psychic,,106,150,70,194,120,140,1,True,675
165,151,Psychic,,100,100,100,100,100,100,1,False,501
166,152,Grass,,45,49,65,49,65,45,2,False,275
167,153,Grass,,60,62,80,63,80,60,2,False,347
168,154,Grass,,80,82,100,83,100,80,2,False,447
169,155,Fire,,39,52,43,60,50,65,2,False,272
170,156,Fire,,58,64,58,80,65,80,2,False,349
171,157,Fire,,78,84,78,109,85,100,2,False,458
172,158,Water,,50,65,64,44,48,43,2,False,266
173,159,Water,,65,80,80,59,63,58,2,False,342
174,160,Water,,85,105,100,79,83,78,2,False,447
175,161,Normal,,35,46,34,35,45,20,2,False,182
176,162,Normal,,85,76,64,45,55,90,2,False,332
177,163,Normal,Flying,60,30,30,36,56,50,2,False,204
178,164,Normal,Flying,100,50,50,76,96,70,2,False,344
179,165,Bug,Flying,40,20,30,40,80,55,2,False,227
180,166,Bug,Flying,55,35,50,55,110,85,2,False,337
181,167,Bug,Poison,40,60,40,40,40,30,2,False,212
182,168,Bug,Poison,70,90,70,60,60,40,2,False,322
183,169,Poison,Flying,85,90,80,70,80,130,2,False,452
184,170,Water,Electric,75,38,38,56,56,67,2,False,257
185,171,Water,Electric,125,58,58,76,76,67,2,False,337
186,172,Electric,,20,40,15,35,35,60,2,False,187
187,173,Fairy,,50,25,28,45,55,15,2,False,170
188,174,Normal,Fairy,90,30,15,40,20,15,2,False,122
189,175,Fairy,,35,20,65,40,65,20,2,False,212
190,176,Fairy,Flying,55,40,85,80,105,40,2,False,352
191,177,Psychic,Flying,40,50,45,70,45,70,2,False,282
192,178,Psychic,Flying,65,75,70,95,70,95,2,False,407
193,179,Electric,,55,40,40,65,45,35,2,False,227
194,180,Electric,,70,55,55,80,60,45,2,False,297
195,181,Electric,,90,75,85,115,90,55,2,False,422
196,181,Electric,Dragon,90,95,105,165,110,45,2,False,522
197,182,Grass,,75,80,95,90,100,50,2,False,417
198,183,Water,Fairy,70,20,50,20,50,40,2,False,182
199,184,Water,Fairy,100,50,80,60,80,50,2,False,322
200,185,Rock,,70,100,115,30,65,30,2,False,342
201,186,Water,,90,75,75,90,100,70,2,False,412
202,187,Grass,Flying,35,35,40,35,55,50,2,False,217
203,188,Grass,Flying,55,45,50,45,65,80,2,False,287
204,189,Grass,Flying,75,55,70,55,95,110,2,False,387
205,190,Normal,,55,70,55,40,55,85,2,False,307
206,191,Grass,,30,30,30,30,30,30,2,False,152
207,192,Grass,,75,75,55,105,85,30,2,False,352
208,193,Bug,Flying,65,65,45,75,45,95,2,False,327
209,194,Water,Ground,55,45,45,25,25,15,2,False,157
210,195,Water,Ground,95,85,85,65,65,35,2,False,337
211,196,Psychic,,65,65,60,130,95,110,2,False,462
212,197,Dark,,95,65,110,60,130,65,2,False,432
213,198,Dark,Flying,60,85,42,85,42,91,2,False,347
214,199,Water,Psychic,95,75,80,100,110,30,2,False,397
215,200,Ghost,,60,60,60,85,85,85,2,False,377
216,201,Psychic,,48,72,48,72,48,48,2,False,290
217,202,Psychic,,190,33,58,33,58,33,2,False,217
218,203,Normal,Psychic,70,80,65,90,65,85,2,False,387
219,204,Bug,,50,65,90,35,35,15,2,False,242
220,205,Bug,Steel,75,90,140,60,60,40,2,False,392
221,206,Normal,,100,70,70,65,65,45,2,False,317
222,207,Ground,Flying,65,75,105,35,65,85,2,False,367
223,208,Steel,Ground,75,85,200,55,65,30,2,False,437
224,208,Steel,Ground,75,125,230,55,95,30,2,False,537
225,209,Fairy,,60,80,50,40,40,30,2,False,242
226,210,Fairy,,90,120,75,60,60,45,2,False,362
227,211,Water,Poison,65,95,75,55,55,85,2,False,367
228,212,Bug,Steel,70,130,100,55,80,65,2,False,432
229,212,Bug,Steel,70,150,140,65,100,75,2,False,532
230,213,Bug,Rock,20,10,230,10,230,5,2,False,487
231,214,Bug,Fighting,80,125,75,40,95,85,2,False,422
232,214,Bug,Fighting,80,185,115,40,105,75,2,False,522
233,215,Dark,Ice,55,95,55,35,75,115,2,False,377
234,216,Normal,,60,80,50,50,50,40,2,False,272
235,217,Normal,,90,130,75,75,75,55,2,False,412
236,218,Fire,,40,40,40,70,40,20,2,False,212
237,219,Fire,Rock,50,50,120,80,80,30,2,False,362
238,220,Ice,Ground,50,50,40,30,30,50,2,False,202
239,221,Ice,Ground,100,100,80,60,60,50,2,False,352
240,222,Water,Rock,55,55,85,65,85,35,2,False,327
241,223,Water,,35,65,35,65,35,65,2,False,267
242,224,Water,,75,105,75,105,75,45,2,False,407
243,225,Ice,Flying,45,55,45,65,45,75,2,False,287
244,226,Water,Flying,65,40,70,80,140,70,2,False,402
245,227,Steel,Flying,65,80,140,40,70,70,2,False,402
246,228,Dark,Fire,45,60,30,80,50,65,2,False,287
247,229,Dark,Fire,75,90,50,110,80,95,2,False,427
248,229,Dark,Fire,75,90,90,140,90,115,2,False,527
249,230,Water,Dragon,75,95,95,95,95,85,2,False,467
250,231,Ground,,90,60,60,40,40,40,2,False,242
251,232,Ground,,90,120,120,60,60,50,2,False,412
252,233,Normal,,85,80,90,105,95,60,2,False,432
253,234,Normal,,73,95,62,85,65,85,2,False,394
254,235,Normal,,55,20,35,20,45,75,2,False,197
255,236,Fighting,,35,35,35,35,35,35,2,False,177
256,237,Fighting,,50,95,95,35,110,70,2,False,407
257,238,Ice,Psychic,45,30,15,85,65,65,2,False,262
258,239,Electric,,45,63,37,65,55,95,2,False,317
259,240,Fire,,45,75,37,70,55,83,2,False,322
260,241,Normal,,95,80,105,40,70,100,2,False,397
261,242,Normal,,255,10,10,75,135,55,2,False,287
262,243,Electric,,90,85,75,115,100,115,2,True,492
263,244,Fire,,115,115,85,90,75,100,2,True,467
264,245,Water,,100,75,115,90,115,85,2,True,482
265,246,Rock,Ground,50,64,50,45,50,41,2,False,252
266,247,Rock,Ground,70,84,70,65,70,51,2,False,342
267,248,Rock,Dark,100,134,110,95,100,61,2,False,502
268,248,Rock,Dark,100,164,150,95,120,71,2,False,602
269,249,Psychic,Flying,106,90,130,90,154,110,2,True,576
270,250,Fire,Flying,106,130,90,110,154,90,2,True,576
271,251,Psychic,Grass,100,100,100,100,100,100,2,False,502
272,252,Grass,,40,45,35,65,55,70,3,False,273
273,253,Grass,,50,65,45,85,65,95,3,False,358
274,254,Grass,,70,85,65,105,85,120,3,False,463
275,254,Grass,Dragon,70,110,75,145,85,145,3,False,563
276,255,Fire,,45,60,40,70,50,45,3,False,268
277,256,Fire,Fighting,60,85,60,85,60,55,3,False,348
278,257,Fire,Fighting,80,120,70,110,70,80,3,False,453
279,257,Fire,Fighting,80,160,80,130,80,100,3,False,553
280,258,Water,,50,70,50,50,50,40,3,False,263
281,259,Water,Ground,70,85,70,60,70,50,3,False,338
282,260,Water,Ground,100,110,90,85,90,60,3,False,438
283,260,Water,Ground,100,150,110,95,110,70,3,False,538
284,261,Dark,,35,55,35,30,30,35,3,False,188
285,262,Dark,,70,90,70,60,60,70,3,False,353
286,263,Normal,,38,30,41,30,41,60,3,False,205
287,264,Normal,,78,70,61,50,61,100,3,False,345
288,265,Bug,,45,45,35,20,30,20,3,False,153
289,266,Bug,,50,35,55,25,25,15,3,False,158
290,267,Bug,Flying,60,70,50,100,50,65,3,False,338
291,268,Bug,,50,35,55,25,25,15,3,False,158
292,269,Bug,Poison,60,50,70,50,90,65,3,False,328
293,270,Water,Grass,40,30,30,40,50,30,3,False,183
294,271,Water,Grass,60,50,50,60,70,50,3,False,283
295,272,Water,Grass,80,70,70,90,100,70,3,False,403
296,273,Grass,,40,40,50,30,30,30,3,False,183
297,274,Grass,Dark,70,70,40,60,40,60,3,False,273
298,275,Grass,Dark,90,100,60,90,60,80,3,False,393
299,276,Normal,Flying,40,55,30,30,30,85,3,False,233
300,277,Normal,Flying,60,85,60,50,50,125,3,False,373
301,278,Water,Flying,40,30,30,55,30,85,3,False,233
302,279,Water,Flying,60,50,100,85,70,65,3,False,373
303,280,Psychic,Fairy,28,25,25,45,35,40,3,False,173
304,281,Psychic,Fairy,38,35,35,65,55,50,3,False,243
305,282,Psychic,Fairy,68,65,65,125,115,80,3,False,453
306,282,Psychic,Fairy,68,85,65,165,135,100,3,False,553
307,283,Bug,Water,40,30,32,50,52,65,3,False,232
308,284,Bug,Flying,70,60,62,80,82,60,3,False,347
309,285,Grass,,60,40,60,40,60,35,3,False,238
310,286,Grass,Fighting,60,130,80,60,60,70,3,False,403
311,287,Normal,,60,60,60,35,35,30,3,False,223
312,288,Normal,,80,80,80,55,55,90,3,False,363
313,289,Normal,,150,160,100,95,65,100,3,False,523
314,290,Bug,Ground,31,45,90,30,30,40,3,False,238
315,291,Bug,Flying,61,90,45,50,50,160,3,False,398
316,292,Bug,Ghost,1,90,45,30,30,40,3,False,238
317,293,Normal,,64,51,23,51,23,28,3,False,179
318,294,Normal,,84,71,43,71,43,48,3,False,279
319,295,Normal,,104,91,63,91,73,68,3,False,389
320,296,Fighting,,72,60,30,20,30,25,3,False,168
321,297,Fighting,,144,120,60,40,60,50,3,False,333
322,298,Normal,Fairy,50,20,40,20,40,20,3,False,143
323,299,Rock,,30,45,135,45,90,30,3,False,348
324,300,Normal,,50,45,45,35,35,50,3,False,213
325,301,Normal,,70,65,65,55,55,70,3,False,313
326,302,Dark,Ghost,50,75,75,65,65,50,3,False,333
327,302,Dark,Ghost,50,85,125,85,115,20,3,False,433
328,303,Steel,Fairy,50,85,85,55,55,50,3,False,333
329,303,Steel,Fairy,50,105,125,55,95,50,3,False,433
330,304,Steel,Rock,50,70,100,40,40,30,3,False,283
331,305,Steel,Rock,60,90,140,50,50,40,3,False,373
332,306,Steel,Rock,70,110,180,60,60,50,3,False,463
333,306,Steel,,70,140,230,60,80,50,3,False,563
334,307,Fighting,Psychic,30,40,55,40,55,60,3,False,253
335,308,Fighting,Psychic,60,60,75,60,75,80,3,False,353
336,308,Fighting,Psychic,60,100,85,80,85,100,3,False,453
337,309,Electric,,40,45,40,65,40,65,3,False,258
338,310,Electric,,70,75,60,105,60,105,3,False,408
339,310,Electric,,70,75,80,135,80,135,3,False,508
340,311,Electric,,60,50,40,85,75,95,3,False,348
341,312,Electric,,60,40,50,75,85,95,3,False,348
342,313,Bug,,65,73,55,47,75,85,3,False,338
343,314,Bug,,65,47,55,73,75,85,3,False,338
344,315,Grass,Poison,50,60,45,100,80,65,3,False,353
345,316,Poison,,70,43,53,43,53,40,3,False,235
346,317,Poison,,100,73,83,73,83,55,3,False,370
347,318,Water,Dark,45,90,20,65,20,65,3,False,263
348,319,Water,Dark,70,120,40,95,40,95,3,False,393
349,319,Water,Dark,70,140,70,110,65,105,3,False,493
350,320,Water,,130,70,35,70,35,60,3,False,273
351,321,Water,,170,90,45,90,45,60,3,False,333
352,322,Fire,Ground,60,60,40,65,45,35,3,False,248
353,323,Fire,Ground,70,100,70,105,75,40,3,False,393
354,323,Fire,Ground,70,120,100,145,105,20,3,False,493
355,324,Fire,,70,85,140,85,70,20,3,False,403
356,325,Psychic,,60,25,35,70,80,60,3,False,273
357,326,Psychic,,80,45,65,90,110,80,3,False,393
358,327,Normal,,60,60,60,60,60,60,3,False,303
359,328,Ground,,45,100,45,45,45,10,3,False,248
360,329,Ground,Dragon,50,70,50,50,50,70,3,False,293
361,330,Ground,Dragon,80,100,80,80,80,100,3,False,443
362,331,Grass,,50,85,40,85,40,35,3,False,288
363,332,Grass,Dark,70,115,60,115,60,55,3,False,408
364,333,Normal,Flying,45,40,60,40,75,50,3,False,268
365,334,Dragon,Flying,75,70,90,70,105,80,3,False,418
366,334,Dragon,Fairy,75,110,110,110,105,80,3,False,518
367,335,Normal,,73,115,60,60,60,90,3,False,388
368,336,Poison,,73,100,60,100,60,65,3,False,388
369,337,Rock,Psychic,70,55,65,95,85,70,3,False,373
370,338,Rock,Psychic,70,95,85,55,65,70,3,False,373
371,339,Water,Ground,50,48,43,46,41,60,3,False,241
372,340,Water,Ground,110,78,73,76,71,60,3,False,361
373,341,Water,,43,80,65,50,35,35,3,False,268
374,342,Water,Dark,63,120,85,90,55,55,3,False,408
375,343,Ground,Psychic,40,40,55,40,70,55,3,False,263
376,344,Ground,Psychic,60,70,105,70,120,75,3,False,443
377,345,Rock,Grass,66,41,77,61,87,23,3,False,292
378,346,Rock,Grass,86,81,97,81,107,43,3,False,412
379,347,Rock,Bug,45,95,50,40,50,75,3,False,313
380,348,Rock,Bug,75,125,100,70,80,45,3,False,423
381,349,Water,,20,15,20,10,55,80,3,False,183
382,350,Water,,95,60,79,100,125,81,3,False,448
383,351,Normal,,70,70,70,70,70,70,3,False,353
384,352,Normal,,60,90,70,60,120,40,3,False,383
385,353,Ghost,,44,75,35,63,33,45,3,False,254
386,354,Ghost,,64,115,65,83,63,65,3,False,394
387,354,Ghost,,64,165,75,93,83,75,3,False,494
388,355,Ghost,,20,40,90,30,90,25,3,False,278
389,356,Ghost,,40,70,130,60,130,25,3,False,418
390,357,Grass,Flying,99,68,83,72,87,51,3,False,364
391,358,Psychic,,65,50,70,95,80,65,3,False,363
392,359,Dark,,65,130,60,75,60,75,3,False,403
393,359,Dark,,65,150,60,115,60,115,3,False,503
394,360,Psychic,,95,23,48,23,48,23,3,False,168
395,361,Ice,,50,50,50,50,50,50,3,False,253
396,362,Ice,,80,80,80,80,80,80,3,False,403
397,362,Ice,,80,120,80,120,80,100,3,False,503
398,363,Ice,Water,70,40,50,55,50,25,3,False,223
399,364,Ice,Water,90,60,70,75,70,45,3,False,323
400,365,Ice,Water,110,80,90,95,90,65,3,False,423
401,366,Water,,35,64,85,74,55,32,3,False,313
402,367,Water,,55,104,105,94,75,52,3,False,433
403,368,Water,,55,84,105,114,75,52,3,False,433
404,369,Water,Rock,100,90,130,45,65,55,3,False,388
405,370,Water,,43,30,55,40,65,97,3,False,290
406,371,Dragon,,45,75,60,40,30,50,3,False,258
407,372,Dragon,,65,95,100,60,50,50,3,False,358
408,373,Dragon,Flying,95,135,80,110,80,100,3,False,508
409,373,Dragon,Flying,95,145,130,120,90,120,3,False,608
410,374,Steel,Psychic,40,55,80,35,60,30,3,False,263
411,375,Steel,Psychic,60,75,100,55,80,50,3,False,363
412,376,Steel,Psychic,80,135,130,95,90,70,3,False,523
413,376,Steel,Psychic,80,145,150,105,110,110,3,False,623
414,377,Rock,,80,100,200,50,100,50,3,True,503
415,378,Ice,,80,50,100,100,200,50,3,True,503
416,379,Steel,,80,75,150,75,150,50,3,True,503
417,380,Dragon,Psychic,80,80,90,110,130,110,3,True,523
418,380,Dragon,Psychic,80,100,120,140,150,110,3,True,623
419,381,Dragon,Psychic,80,90,80,130,110,110,3,True,523
420,381,Dragon,Psychic,80,130,100,160,120,110,3,True,623
421,382,Water,,100,100,90,150,140,90,3,True,573
422,382,Water,,100,150,90,180,160,90,3,True,673
423,383,Ground,,100,150,140,100,90,90,3,True,573
424,383,Ground,Fire,100,180,160,150,90,90,3,True,673
425,384,Dragon,Flying,105,150,90,150,90,95,3,True,578
426,384,Dragon,Flying,105,180,100,180,100,115,3,True,678
427,385,Steel,Psychic,100,100,100,100,100,100,3,True,503
428,386,Psychic,,50,150,50,150,50,150,3,True,553
429,386,Psychic,,50,180,20,180,20,150,3,True,553
430,386,Psychic,,50,70,160,70,160,90,3,True,553
431,386,Psychic,,50,95,90,95,90,180,3,True,553
432,387,Grass,,55,68,64,45,55,31,4,False,267
433,388,Grass,,75,89,85,55,65,36,4,False,334
434,389,Grass,Ground,95,109,105,75,85,56,4,False,434
435,390,Fire,,44,58,44,58,44,61,4,False,269
436,391,Fire,Fighting,64,78,52,78,52,81,4,False,345
437,392,Fire,Fighting,76,104,71,104,71,108,4,False,462
438,393,Water,,53,51,53,61,56,40,4,False,265
439,394,Water,,64,66,68,81,76,50,4,False,345
440,395,Water,Steel,84,86,88,111,101,60,4,False,450
441,396,Normal,Flying,40,55,30,30,30,60,4,False,209
442,397,Normal,Flying,55,75,50,40,40,80,4,False,289
443,398,Normal,Flying,85,120,70,50,60,100,4,False,404
444,399,Normal,,59,45,40,35,40,31,4,False,195
445,400,Normal,Water,79,85,60,55,60,71,4,False,335
446,401,Bug,,37,25,41,25,41,25,4,False,161
447,402,Bug,,77,85,51,55,51,65,4,False,311
448,403,Electric,,45,65,34,40,34,45,4,False,222
449,404,Electric,,60,85,49,60,49,60,4,False,307
450,405,Electric,,80,120,79,95,79,70,4,False,447
451,406,Grass,Poison,40,30,35,50,70,55,4,False,244
452,407,Grass,Poison,60,70,65,125,105,90,4,False,459
453,408,Rock,,67,125,40,30,30,58,4,False,287
454,409,Rock,,97,165,60,65,50,58,4,False,402
455,410,Rock,Steel,30,42,118,42,88,30,4,False,324
456,411,Rock,Steel,60,52,168,47,138,30,4,False,439
457,412,Bug,,40,29,45,29,45,36,4,False,188
458,413,Bug,Grass,60,59,85,79,105,36,4,False,368
459,413,Bug,Ground,60,79,105,59,85,36,4,False,368
460,413,Bug,Steel,60,69,95,69,95,36,4,False,368
461,414,Bug,Flying,70,94,50,94,50,66,4,False,358
462,415,Bug,Flying,30,30,42,30,42,70,4,False,218
463,416,Bug,Flying,70,80,102,80,102,40,4,False,408
464,417,Electric,,60,45,70,45,90,95,4,False,349
465,418,Water,,55,65,35,60,30,85,4,False,279
466,419,Water,,85,105,55,85,50,115,4,False,414
467,420,Grass,,45,35,45,62,53,35,4,False,234
468,421,Grass,,70,60,70,87,78,85,4,False,384
469,422,Water,,76,48,48,57,62,34,4,False,253
470,423,Water,Ground,111,83,68,92,82,39,4,False,368
471,424,Normal,,75,100,66,60,66,115,4,False,411
472,425,Ghost,Flying,90,50,34,60,44,70,4,False,262
473,426,Ghost,Flying,150,80,44,90,54,80,4,False,352
474,427,Normal,,55,66,44,44,56,85,4,False,299
475,428,Normal,,65,76,84,54,96,105,4,False,419
476,428,Normal,Fighting,65,136,94,54,96,135,4,False,519
477,429,Ghost,,60,60,60,105,105,105,4,False,439
478,430,Dark,Flying,100,125,52,105,52,71,4,False,409
479,431,Normal,,49,55,42,42,37,85,4,False,265
480,432,Normal,,71,82,64,64,59,112,4,False,385
481,433,Psychic,,45,30,50,65,50,45,4,False,244
482,434,Poison,Dark,63,63,47,41,41,74,4,False,270
483,435,Poison,Dark,103,93,67,71,61,84,4,False,380
484,436,Steel,Psychic,57,24,86,24,86,23,4,False,247
485,437,Steel,Psychic,67,89,116,79,116,33,4,False,437
486,438,Rock,,50,80,95,10,45,10,4,False,244
487,439,Psychic,Fairy,20,25,45,70,90,60,4,False,294
488,440,Normal,,100,5,5,15,65,30,4,False,124
489,441,Normal,Flying,76,65,45,92,42,91,4,False,339
490,442,Ghost,Dark,50,92,108,92,108,35,4,False,439
491,443,Dragon,Ground,58,70,45,40,45,42,4,False,246
492,444,Dragon,Ground,68,90,65,50,55,82,4,False,346
493,445,Dragon,Ground,108,130,95,80,85,102,4,False,496
494,445,Dragon,Ground,108,170,115,120,95,92,4,False,596
495,446,Normal,,135,85,40,40,85,5,4,False,259
496,447,Fighting,,40,70,40,35,40,60,4,False,249
497,448,Fighting,Steel,70,110,70,115,70,90,4,False,459
498,448,Fighting,Steel,70,145,88,140,70,112,4,False,559
499,449,Ground,,68,72,78,38,42,32,4,False,266
500,450,Ground,,108,112,118,68,72,47,4,False,421
501,451,Poison,Bug,40,50,90,30,55,65,4,False,294
502,452,Poison,Dark,70,90,110,60,75,95,4,False,434
503,453,Poison,Fighting,48,61,40,61,40,50,4,False,256
504,454,Poison,Fighting,83,106,65,86,65,85,4,False,411
505,455,Grass,,74,100,72,90,72,46,4,False,384
506,456,Water,,49,49,56,49,61,66,4,False,285
507,457,Water,,69,69,76,69,86,91,4,False,395
508,458,Water,Flying,45,20,50,60,120,50,4,False,304
509,459,Grass,Ice,60,62,50,62,60,40,4,False,278
510,460,Grass,Ice,90,92,75,92,85,60,4,False,408
511,460,Grass,Ice,90,132,105,132,105,30,4,False,508
512,461,Dark,Ice,70,120,65,45,85,125,4,False,444
513,462,Electric,Steel,70,70,115,130,90,60,4,False,469
514,463,Normal,,110,85,95,80,95,50,4,False,409
515,464,Ground,Rock,115,140,130,55,55,40,4,False,424
516,465,Grass,,100,100,125,110,50,50,4,False,439
517,466,Electric,,75,123,67,95,85,95,4,False,469
518,467,Fire,,75,95,67,125,95,83,4,False,469
519,468,Fairy,Flying,85,50,95,120,115,80,4,False,464
520,469,Bug,Flying,86,76,86,116,56,95,4,False,433
521,470,Grass,,65,110,130,60,65,95,4,False,464
522,471,Ice,,65,60,110,130,95,65,4,False,464
523,472,Ground,Flying,75,95,125,45,75,95,4,False,439
524,473,Ice,Ground,110,130,80,70,60,80,4,False,424
525,474,Normal,,85,80,70,135,75,90,4,False,454
526,475,Psychic,Fighting,68,125,65,65,115,80,4,False,454
527,475,Psychic,Fighting,68,165,95,65,115,110,4,False,554
528,476,Rock,Steel,60,55,145,75,150,40,4,False,469
529,477,Ghost,,45,100,135,65,135,45,4,False,484
530,478,Ice,Ghost,70,80,70,80,70,110,4,False,414
531,479,Electric,Ghost,50,50,77,95,77,91,4,False,394
532,479,Electric,Fire,50,65,107,105,107,86,4,False,474
533,479,Electric,Water,50,65,107,105,107,86,4,False,474
534,479,Electric,Ice,50,65,107,105,107,86,4,False,474
535,479,Electric,Flying,50,65,107,105,107,86,4,False,474
536,479,Electric,Grass,50,65,107,105,107,86,4,False,474
537,480,Psychic,,75,75,130,75,130,95,4,True,509
538,481,Psychic,,80,105,105,105,105,80,4,True,504
539,482,Psychic,,75,125,70,125,70,115,4,True,509
540,483,Steel,Dragon,100,120,120,150,100,90,4,True,584
541,484,Water,Dragon,90,120,100,150,120,100,4,True,594
542,485,Fire,Steel,91,90,106,130,106,77,4,True,513
543,486,Normal,,110,160,110,80,110,100,4,True,564
544,487,Ghost,Dragon,150,100,120,100,120,90,4,True,534
545,487,Ghost,Dragon,150,120,100,120,100,90,4,True,534
546,488,Psychic,,120,70,120,75,130,85,4,False,484
547,489,Water,,80,80,80,80,80,80,4,False,404
548,490,Water,,100,100,100,100,100,100,4,False,504
549,491,Dark,,70,90,90,135,90,125,4,True,534
550,492,Grass,,100,100,100,100,100,100,4,True,504
551,492,Grass,Flying,100,103,75,120,75,127,4,True,504
552,493,Normal,,120,120,120,120,120,120,4,True,604
553,494,Psychic,Fire,100,100,100,100,100,100,5,True,505
554,495,Grass,,45,45,55,45,55,63,5,False,268
555,496,Grass,,60,60,75,60,75,83,5,False,358
556,497,Grass,,75,75,95,75,95,113,5,False,458
557,498,Fire,,65,63,45,45,45,45,5,False,248
558,499,Fire,Fighting,90,93,55,70,55,55,5,False,333
559,500,Fire,Fighting,110,123,65,100,65,65,5,False,423
560,501,Water,,55,55,45,63,45,45,5,False,258
561,502,Water,,75,75,60,83,60,60,5,False,343
562,503,Water,,95,100,85,108,70,70,5,False,438
563,504,Normal,,45,55,39,35,39,42,5,False,215
564,505,Normal,,60,85,69,60,69,77,5,False,365
565,506,Normal,,45,60,45,25,45,55,5,False,235
566,507,Normal,,65,80,65,35,65,60,5,False,310
567,508,Normal,,85,110,90,45,90,80,5,False,420
568,509,Dark,,41,50,37,50,37,66,5,False,245
569,510,Dark,,64,88,50,88,50,106,5,False,387
570,511,Grass,,50,53,48,53,48,64,5,False,271
571,512,Grass,,75,98,63,98,63,101,5,False,428
572,513,Fire,,50,53,48,53,48,64,5,False,271
573,514,Fire,,75,98,63,98,63,101,5,False,428
574,515,Water,,50,53,48,53,48,64,5,False,271
575,516,Water,,75,98,63,98,63,101,5,False,428
576,517,Psychic,,76,25,45,67,55,24,5,False,221
577,518,Psychic,,116,55,85,107,95,29,5,False,376
578,519,Normal,Flying,50,55,50,36,30,43,5,False,219
579,520,Normal,Flying,62,77,62,50,42,65,5,False,301
580,521,Normal,Flying,80,115,80,65,55,93,5,False,413
581,522,Electric,,45,60,32,50,32,76,5,False,255
582,523,Electric,,75,100,63,80,63,116,5,False,427
583,524,Rock,,55,75,85,25,25,15,5,False,230
584,525,Rock,,70,105,105,50,40,20,5,False,325
585,526,Rock,,85,135,130,60,80,25,5,False,435
586,527,Psychic,Flying,55,45,43,55,43,72,5,False,263
587,528,Psychic,Flying,67,57,55,77,55,114,5,False,363
588,529,Ground,,60,85,40,30,45,68,5,False,273
589,530,Ground,Steel,110,135,60,50,65,88,5,False,403
590,531,Normal,,103,60,86,60,86,50,5,False,347
591,531,Normal,Fairy,103,60,126,80,126,50,5,False,447
592,532,Fighting,,75,80,55,25,35,35,5,False,235
593,533,Fighting,,85,105,85,40,50,40,5,False,325
594,534,Fighting,,105,140,95,55,65,45,5,False,405
595,535,Water,,50,50,40,50,40,64,5,False,249
596,536,Water,Ground,75,65,55,65,55,69,5,False,314
597,537,Water,Ground,105,95,75,85,75,74,5,False,409
598,538,Fighting,,120,100,85,30,85,45,5,False,350
599,539,Fighting,,75,125,75,30,75,85,5,False,395
600,540,Bug,Grass,45,53,70,40,60,42,5,False,270
601,541,Bug,Grass,55,63,90,50,80,42,5,False,330
602,542,Bug,Grass,75,103,80,70,80,92,5,False,430
603,543,Bug,Poison,30,45,59,30,39,57,5,False,235
604,544,Bug,Poison,40,55,99,40,79,47,5,False,325
605,545,Bug,Poison,60,100,89,55,69,112,5,False,430
606,546,Grass,Fairy,40,27,60,37,50,66,5,False,245
607,547,Grass,Fairy,60,67,85,77,75,116,5,False,425
608,548,Grass,,45,35,50,70,50,30,5,False,240
609,549,Grass,,70,60,75,110,75,90,5,False,415
610,550,Water,,70,92,65,80,55,98,5,False,395
611,551,Ground,Dark,50,72,35,35,35,65,5,False,247
612,552,Ground,Dark,60,82,45,45,45,74,5,False,296
613,553,Ground,Dark,95,117,80,65,70,92,5,False,429
614,554,Fire,,70,90,45,15,45,50,5,False,250
615,555,Fire,,105,140,55,30,55,95,5,False,380
616,555,Fire,Psychic,105,30,105,140,105,55,5,False,440
617,556,Grass,,75,86,67,106,67,60,5,False,391
618,557,Bug,Rock,50,65,85,35,35,55,5,False,280
619,558,Bug,Rock,70,95,125,65,75,45,5,False,410
620,559,Dark,Fighting,50,75,70,35,70,48,5,False,303
621,560,Dark,Fighting,65,90,115,45,115,58,5,False,428
622,561,Psychic,Flying,72,58,80,103,80,97,5,False,423
623,562,Ghost,,38,30,85,55,65,30,5,False,270
624,563,Ghost,,58,50,145,95,105,30,5,False,430
625,564,Water,Rock,54,78,103,53,45,22,5,False,306
626,565,Water,Rock,74,108,133,83,65,32,5,False,426
627,566,Rock,Flying,55,112,45,74,45,70,5,False,351
628,567,Rock,Flying,75,140,65,112,65,110,5,False,497
629,568,Poison,,50,50,62,40,62,65,5,False,284
630,569,Poison,,80,95,82,60,82,75,5,False,399
631,570,Dark,,40,65,40,80,40,65,5,False,295
632,571,Dark,,60,105,60,120,60,105,5,False,455
633,572,Normal,,55,50,40,40,40,75,5,False,250
634,573,Normal,,75,95,60,65,60,115,5,False,400
635,574,Psychic,,45,30,50,55,65,45,5,False,250
636,575,Psychic,,60,45,70,75,85,55,5,False,335
637,576,Psychic,,70,55,95,95,110,65,5,False,425
638,577,Psychic,,45,30,40,105,50,20,5,False,250
639,578,Psychic,,65,40,50,125,60,30,5,False,310
640,579,Psychic,,110,65,75,125,85,30,5,False,385
641,580,Water,Flying,62,44,50,44,50,55,5,False,248
642,581,Water,Flying,75,87,63,87,63,98,5,False,403
643,582,Ice,,36,50,50,65,60,44,5,False,274
644,583,Ice,,51,65,65,80,75,59,5,False,349
645,584,Ice,,71,95,85,110,95,79,5,False,469
646,585,Normal,Grass,60,60,50,40,50,75,5,False,280
647,586,Normal,Grass,80,100,70,60,70,95,5,False,400
648,587,Electric,Flying,55,75,60,75,60,103,5,False,378
649,588,Bug,,50,75,45,40,45,60,5,False,270
650,589,Bug,Steel,70,135,105,60,105,20,5,False,430
651,590,Grass,Poison,69,55,45,55,55,15,5,False,230
652,591,Grass,Poison,114,85,70,85,80,30,5,False,355
653,592,Water,Ghost,55,40,50,65,85,40,5,False,285
654,593,Water,Ghost,100,60,70,85,105,60,5,False,385
655,594,Water,,165,75,80,40,45,65,5,False,310
656,595,Bug,Electric,50,47,50,57,50,65,5,False,274
657,596,Bug,Electric,70,77,60,97,60,108,5,False,407
658,597,Grass,Steel,44,50,91,24,86,10,5,False,266
659,598,Grass,Steel,74,94,131,54,116,20,5,False,420
660,599,Steel,,40,55,70,45,60,30,5,False,265
661,600,Steel,,60,80,95,70,85,50,5,False,385
662,601,Steel,,60,100,115,70,85,90,5,False,465
663,602,Electric,,35,55,40,45,40,60,5,False,245
664,603,Electric,,65,85,70,75,70,40,5,False,345
665,604,Electric,,85,115,80,105,80,50,5,False,435
666,605,Psychic,,55,55,55,85,55,30,5,False,285
667,606,Psychic,,75,75,75,125,95,40,5,False,415
668,607,Ghost,Fire,50,30,55,65,55,20,5,False,230
669,608,Ghost,Fire,60,40,60,95,60,55,5,False,315
670,609,Ghost,Fire,60,55,90,145,90,80,5,False,465
671,610,Dragon,,46,87,60,30,40,57,5,False,279
672,611,Dragon,,66,117,70,40,50,67,5,False,349
673,612,Dragon,,76,147,90,60,70,97,5,False,469
674,613,Ice,,55,70,40,60,40,40,5,False,255
675,614,Ice,,95,110,80,70,80,50,5,False,395
676,615,Ice,,70,50,30,95,135,105,5,False,420
677,616,Bug,,50,40,85,40,65,25,5,False,260
678,617,Bug,,80,70,40,100,60,145,5,False,420
679,618,Ground,Electric,109,66,84,81,99,32,5,False,367
680,619,Fighting,,45,85,50,55,50,65,5,False,310
681,620,Fighting,,65,125,60,95,60,105,5,False,450
682,621,Dragon,,77,120,90,60,90,48,5,False,413
683,622,Ground,Ghost,59,74,50,35,50,35,5,False,249
684,623,Ground,Ghost,89,124,80,55,80,55,5,False,399
685,624,Dark,Steel,45,85,70,40,40,60,5,False,300
686,625,Dark,Steel,65,125,100,60,70,70,5,False,430
687,626,Normal,,95,110,95,40,95,55,5,False,400
688,627,Normal,Flying,70,83,50,37,50,60,5,False,285
689,628,Normal,Flying,100,123,75,57,75,80,5,False,415
690,629,Dark,Flying,70,55,75,45,65,60,5,False,305
691,630,Dark,Flying,110,65,105,55,95,80,5,False,405
692,631,Fire,,85,97,66,105,66,65,5,False,404
693,632,Bug,Steel,58,109,112,48,48,109,5,False,431
694,633,Dark,Dragon,52,65,50,45,50,38,5,False,253
695,634,Dark,Dragon,72,85,70,65,70,58,5,False,353
696,635,Dark,Dragon,92,105,90,125,90,98,5,False,513
697,636,Bug,Fire,55,85,55,50,55,60,5,False,310
698,637,Bug,Fire,85,60,65,135,105,100,5,False,470
699,638,Steel,Fighting,91,90,129,90,72,108,5,True,494
700,639,Rock,Fighting,91,129,90,72,90,108,5,True,494
701,640,Grass,Fighting,91,90,72,90,129,108,5,True,494
702,641,Flying,,79,115,70,125,80,111,5,True,506
703,641,Flying,,79,100,80,110,90,121,5,True,506
704,642,Electric,Flying,79,115,70,125,80,111,5,True,506
705,642,Electric,Flying,79,105,70,145,80,101,5,True,506
706,643,Dragon,Fire,100,120,100,150,120,90,5,True,585
707,644,Dragon,Electric,100,150,120,120,100,90,5,True,585
708,645,Ground,Flying,89,125,90,115,80,101,5,True,516
709,645,Ground,Flying,89,145,90,105,80,91,5,True,516
710,646,Dragon,Ice,125,130,90,130,90,95,5,True,540
711,646,Dragon,Ice,125,170,100,120,90,95,5,True,580
712,646,Dragon,Ice,125,120,90,170,100,95,5,True,580
713,647,Water,Fighting,91,72,90,129,90,108,5,False,494
714,647,Water,Fighting,91,72,90,129,90,108,5,False,494
715,648,Normal,Psychic,100,77,77,128,128,90,5,False,505
716,648,Normal,Fighting,100,128,90,77,77,128,5,False,505
717,649,Bug,Steel,71,120,95,120,95,99,5,False,534
718,650,Grass,,56,61,65,48,45,38,6,False,263
719,651,Grass,,61,78,95,56,58,57,6,False,350
720,652,Grass,Fighting,88,107,122,74,75,64,6,False,448
721,653,Fire,,40,45,40,62,60,60,6,False,273
722,654,Fire,,59,59,58,90,70,73,6,False,356
723,655,Fire,Psychic,75,69,72,114,100,104,6,False,465
724,656,Water,,41,56,40,62,44,71,6,False,279
725,657,Water,,54,63,52,83,56,97,6,False,357
726,658,Water,Dark,72,95,67,103,71,122,6,False,464
727,659,Normal,,38,36,38,32,36,57,6,False,205
728,660,Normal,Ground,85,56,77,50,77,78,6,False,344
729,661,Normal,Flying,45,50,43,40,38,62,6,False,239
730,662,Fire,Flying,62,73,55,56,52,84,6,False,326
731,663,Fire,Flying,78,81,71,74,69,126,6,False,427
732,664,Bug,,38,35,40,27,25,35,6,False,168
733,665,Bug,,45,22,60,27,30,29,6,False,174
734,666,Bug,Flying,80,52,50,90,50,89,6,False,337
735,667,Fire,Normal,62,50,58,73,54,72,6,False,313
736,668,Fire,Normal,86,68,72,109,66,106,6,False,427
737,669,Fairy,,44,38,39,61,79,42,6,False,265
738,670,Fairy,,54,45,47,75,98,52,6,False,323
739,671,Fairy,,78,65,68,112,154,75,6,False,480
740,672,Grass,,66,65,48,62,57,52,6,False,290
741,673,Grass,,123,100,62,97,81,68,6,False,414
742,674,Fighting,,67,82,62,46,48,43,6,False,287
743,675,Fighting,Dark,95,124,78,69,71,58,6,False,406
744,676,Normal,,75,80,60,65,90,102,6,False,403
745,677,Psychic,,62,48,54,63,60,68,6,False,299
746,678,Psychic,,74,48,76,83,81,104,6,False,398
747,678,Psychic,,74,48,76,83,81,104,6,False,398
748,679,Steel,Ghost,45,80,100,35,37,28,6,False,286
749,680,Steel,Ghost,59,110,150,45,49,35,6,False,395
750,681,Steel,Ghost,60,150,50,150,50,60,6,False,466
751,681,Steel,Ghost,60,50,150,50,150,60,6,False,466
752,682,Fairy,,78,52,60,63,65,23,6,False,269
753,683,Fairy,,101,72,72,99,89,29,6,False,367
754,684,Fairy,,62,48,66,59,57,49,6,False,285
755,685,Fairy,,82,80,86,85,75,72,6,False,404
756,686,Dark,Psychic,53,54,53,37,46,45,6,False,241
757,687,Dark,Psychic,86,92,88,68,75,73,6,False,402
758,688,Rock,Water,42,52,67,39,56,50,6,False,270
759,689,Rock,Water,72,105,115,54,86,68,6,False,434
760,690,Poison,Water,50,60,60,60,60,30,6,False,276
761,691,Poison,Dragon,65,75,90,97,123,44,6,False,435
762,692,Water,,50,53,62,58,63,44,6,False,286
763,693,Water,,71,73,88,120,89,59,6,False,435
764,694,Electric,Normal,44,38,33,61,43,70,6,False,251
765,695,Electric,Normal,62,55,52,109,94,109,6,False,425
766,696,Rock,Dragon,58,89,77,45,45,48,6,False,310
767,697,Rock,Dragon,82,121,119,69,59,71,6,False,445
768,698,Rock,Ice,77,59,50,67,63,46,6,False,291
769,699,Rock,Ice,123,77,72,99,92,58,6,False,404
770,700,Fairy,,95,65,65,110,130,60,6,False,436
771,701,Fighting,Flying,78,92,75,74,63,118,6,False,428
772,702,Electric,Fairy,67,58,57,81,67,101,6,False,370
773,703,Rock,Fairy,50,50,150,50,150,50,6,False,456
774,704,Dragon,,45,50,35,55,75,40,6,False,261
775,705,Dragon,,68,75,53,83,113,60,6,False,390
776,706,Dragon,,90,100,70,110,150,80,6,False,516
777,707,Steel,Fairy,57,80,91,80,87,75,6,False,419
778,708,Ghost,Grass,43,70,48,50,60,38,6,False,272
779,709,Ghost,Grass,85,110,76,65,82,56,6,False,395
780,710,Ghost,Grass,49,66,70,44,55,51,6,False,292
781,710,Ghost,Grass,44,66,70,44,55,56,6,False,297
782,710,Ghost,Grass,54,66,70,44,55,46,6,False,287
783,710,Ghost,Grass,59,66,70,44,55,41,6,False,282
784,711,Ghost,Grass,65,90,122,58,75,84,6,False,435
785,711,Ghost,Grass,55,85,122,58,75,99,6,False,445
786,711,Ghost,Grass,75,95,122,58,75,69,6,False,425
787,711,Ghost,Grass,85,100,122,58,75,54,6,False,415
788,712,Ice,,55,69,85,32,35,28,6,False,255
789,713,Ice,,95,117,184,44,46,28,6,False,425
790,714,Flying,Dragon,40,30,35,45,40,55,6,False,211
791,715,Flying,Dragon,85,70,80,97,80,123,6,False,456
792,716,Fairy,,126,131,95,131,98,99,6,True,560
793,717,Dark,Flying,126,131,95,131,98,99,6,True,560
794,718,Dragon,Ground,108,100,121,81,95,95,6,True,498
795,719,Rock,Fairy,50,100,150,100,150,50,6,True,556
796,719,Rock,Fairy,50,160,110,160,110,110,6,True,656
797,720,Psychic,Ghost,80,110,60,150,130,70,6,True,526
798,720,Psychic,Dark,80,160,60,170,130,80,6,True,606
799,721,Fire,Water,80,110,120,130,90,70,6,True,526
